{
    "overall_summary": "The candidate demonstrated strengths in communication and problem-solving, with a strong alignment with the ideal points in the Introduction and Project Alpha Experience topic. They showed good clarity in their responses and active listening skills across all topics.",
    "key_strengths_across_topics": [
      "clear communication",
      "problem-solving",
      "active listening"
    ],
    "key_areas_for_improvement_across_topics": [
      "engagement and enthusiasm",
      "problem-solving approach explanation"
    ],
    "topic_by_topic_assessments": [
      {
        "topic_id": "T1",
        "topic_label": "Introduction and Project Alpha Experience",
        "candidate_contribution_summary": "The candidate discussed their role in Project Alpha, focusing on developing the backend API using Python, FastAPI, and PostgreSQL. They mentioned optimizing database queries for high traffic and reducing latency by 30% through better indexing strategies.",
        "key_candidate_statements": [
          "In Project Alpha, my main role was developing the backend API.",
          "We managed to reduce latency by 30% by implementing better indexing strategies."
        ],
        "reference_kb_alignment": "Strong alignment",
        "overall_topic_performance_score": 4,
        "detailed_criteria_observations": [
          {
            "criterion_name": "Clarity of Communication",
            "score": 4.5,
            "observation": "The candidate's responses were clear and concise, with a good structure and coherence."
          },
          {
            "criterion_name": "Problem-Solving Approach Explanation",
            "score": 4,
            "observation": "The candidate explained their approach to solving a problem in a clear and logical manner, considering alternatives and referencing relevant methodologies."
          },
          {
            "criterion_name": "Active Listening and Comprehension",
            "score": 4,
            "observation": "The candidate demonstrated good listening skills, understanding the interviewer's questions and referencing previous points where appropriate."
          }
        ]
      },
      {
        "topic_id": "T2",
        "topic_label": "Teamwork and Communication",
        "candidate_contribution_summary": "The candidate discussed teamwork and communication, mentioning daily stand-ups and task management with Jira. They emphasized the importance of open communication.",
        "key_candidate_statements": [
          "Teamwork was crucial. We had daily stand-ups and used Jira for task management. I believe in open communication."
        ],
        "reference_kb_alignment": "Partial alignment, as the candidate mentioned daily stand-ups and task management, which aligns with the ideal points on communication and problem-solving. However, there is no explicit mention of logical problem-solving.",
        "overall_topic_performance_score": 3.5,
        "detailed_criteria_observations": [
          {
            "criterion_name": "Clarity of Communication",
            "score": 4,
            "observation": "The candidate's response was clear and concise, with a structured explanation of their approach."
          },
          {
            "criterion_name": "Engagement and Enthusiasm",
            "score": 3,
            "observation": "The candidate seemed neutral, providing a straightforward answer without showing much enthusiasm or energy."
          },
          {
            "criterion_name": "Problem-Solving Approach Explanation",
            "score": 2.5,
            "observation": "The candidate did not explicitly explain their problem-solving approach, but mentioned daily stand-ups and task management, which implies some level of problem-solving."
          },
          {
            "criterion_name": "Active Listening and Comprehension",
            "score": 4,
            "observation": "The candidate responded directly to the question, showing good comprehension and attention to the interviewer's inquiry."
          }
        ]
      },
      {
        "topic_id": "T3",
        "topic_label": "Candidate's Questions about Career Progression",
        "candidate_contribution_summary": "The candidate inquired about the typical career progression for the role, seeking clarity on the path forward.",
        "key_candidate_statements": [
          "Yes, what does the typical career progression look like for this role?"
        ],
        "reference_kb_alignment": "Partial alignment",
        "overall_topic_performance_score": 3.5,
        "detailed_criteria_observations": [
          {
            "criterion_name": "Clarity of Communication",
            "score": 4,
            "observation": "The candidate's response was clear and concise, but could have been more structured."
          },
          {
            "criterion_name": "Engagement and Enthusiasm",
            "score": 3,
            "observation": "The candidate showed moderate interest and energy, but could have been more proactive in their response."
          },
          {
            "criterion_name": "Problem-Solving Approach Explanation",
            "score": null,
            "observation": "No problem-solving approach was explained, as this was a question about career progression."
          },
          {
            "criterion_name": "Active Listening and Comprehension",
            "score": 5,
            "observation": "The candidate listened attentively to the question and responded aptly, demonstrating excellent comprehension."
          }
        ]
      }
    ]
  }